Year,m,d,Time,Time zone,Direct solar radiation (W/m2)
2022,7,1,00:00,UTC,-0.4
2022,7,1,00:01,UTC,-0.4
2022,7,1,00:02,UTC,-0.5
2022,7,1,00:03,UTC,-0.3
2022,7,1,00:04,UTC,-0.5
2022,7,1,00:05,UTC,-0.5
2022,7,1,00:06,UTC,-0.4
2022,7,1,00:07,UTC,-0.3
2022,7,1,00:08,UTC,-0.3
2022,7,1,00:09,UTC,-0.6
2022,7,1,00:10,UTC,-0.3
2022,7,1,00:11,UTC,-0.3
2022,7,1,00:12,UTC,-0.3
2022,7,1,00:13,UTC,-0.3
2022,7,1,00:14,UTC,-0.1
2022,7,1,00:15,UTC,-0.1
2022,7,1,00:16,UTC,-0.3
2022,7,1,00:17,UTC,-0.2
2022,7,1,00:18,UTC,-0.2
2022,7,1,00:19,UTC,-0.2
2022,7,1,00:20,UTC,-0.2
2022,7,1,00:21,UTC,-0.2
2022,7,1,00:22,UTC,-0.3
2022,7,1,00:23,UTC,-0.1
2022,7,1,00:24,UTC,0
2022,7,1,00:25,UTC,0.1
2022,7,1,00:26,UTC,0.2
2022,7,1,00:27,UTC,0.3
2022,7,1,00:28,UTC,0.1
2022,7,1,00:29,UTC,0.3
2022,7,1,00:30,UTC,0.2
2022,7,1,00:31,UTC,0.1
2022,7,1,00:32,UTC,-0.1
2022,7,1,00:33,UTC,-0.2
2022,7,1,00:34,UTC,-0.1
2022,7,1,00:35,UTC,0
2022,7,1,00:36,UTC,0.2
2022,7,1,00:37,UTC,0.3
2022,7,1,00:38,UTC,0.2
2022,7,1,00:39,UTC,0.2
2022,7,1,00:40,UTC,0.2
2022,7,1,00:41,UTC,0.1
2022,7,1,00:42,UTC,0
2022,7,1,00:43,UTC,0
2022,7,1,00:44,UTC,0
2022,7,1,00:45,UTC,-0.1
2022,7,1,00:46,UTC,-0.1
2022,7,1,00:47,UTC,-0.1
2022,7,1,00:48,UTC,-0.3
2022,7,1,00:49,UTC,-0.3
2022,7,1,00:50,UTC,-0.3
2022,7,1,00:51,UTC,-0.1
2022,7,1,00:52,UTC,-0.2
2022,7,1,00:53,UTC,-0.2
2022,7,1,00:54,UTC,-0.3
2022,7,1,00:55,UTC,-0.2
2022,7,1,00:56,UTC,-0.3
2022,7,1,00:57,UTC,-0.4
2022,7,1,00:58,UTC,-0.4
2022,7,1,00:59,UTC,-0.3
2022,7,1,01:00,UTC,-0.2
2022,7,1,01:01,UTC,-0.1
2022,7,1,01:02,UTC,-0.4
2022,7,1,01:03,UTC,-0.3
2022,7,1,01:04,UTC,-0.2
2022,7,1,01:05,UTC,-0.3
2022,7,1,01:06,UTC,-0.1
2022,7,1,01:07,UTC,-0.2
2022,7,1,01:08,UTC,0
2022,7,1,01:09,UTC,5.5
2022,7,1,01:10,UTC,17.2
2022,7,1,01:11,UTC,24.9
2022,7,1,01:12,UTC,22.1
2022,7,1,01:13,UTC,22.3
2022,7,1,01:14,UTC,29.3
2022,7,1,01:15,UTC,14.1
2022,7,1,01:16,UTC,2
2022,7,1,01:17,UTC,3.8
2022,7,1,01:18,UTC,15.6
2022,7,1,01:19,UTC,49.8
2022,7,1,01:20,UTC,46.3
2022,7,1,01:21,UTC,52.9
2022,7,1,01:22,UTC,73.1
2022,7,1,01:23,UTC,76.7
2022,7,1,01:24,UTC,79.2
2022,7,1,01:25,UTC,81.2
2022,7,1,01:26,UTC,83
2022,7,1,01:27,UTC,83.8
2022,7,1,01:28,UTC,84.4
2022,7,1,01:29,UTC,79.3
2022,7,1,01:30,UTC,68.6
2022,7,1,01:31,UTC,50.6
2022,7,1,01:32,UTC,32.4
2022,7,1,01:33,UTC,14.7
2022,7,1,01:34,UTC,3.7
2022,7,1,01:35,UTC,2
2022,7,1,01:36,UTC,2.1
2022,7,1,01:37,UTC,2.8
2022,7,1,01:38,UTC,4.4
2022,7,1,01:39,UTC,11.9
2022,7,1,01:40,UTC,24.4
2022,7,1,01:41,UTC,39.5
2022,7,1,01:42,UTC,52.5
2022,7,1,01:43,UTC,73.7
2022,7,1,01:44,UTC,83.2
2022,7,1,01:45,UTC,81.1
2022,7,1,01:46,UTC,102
2022,7,1,01:47,UTC,134.7
2022,7,1,01:48,UTC,141.1
2022,7,1,01:49,UTC,143.6
2022,7,1,01:50,UTC,142.7
2022,7,1,01:51,UTC,135.9
2022,7,1,01:52,UTC,128.2
2022,7,1,01:53,UTC,111.7
2022,7,1,01:54,UTC,80.3
2022,7,1,01:55,UTC,51.8
2022,7,1,01:56,UTC,27.1
2022,7,1,01:57,UTC,11.4
2022,7,1,01:58,UTC,2.9
2022,7,1,01:59,UTC,2.1
2022,7,1,02:00,UTC,1.9
2022,7,1,02:01,UTC,1.7
2022,7,1,02:02,UTC,1.5
2022,7,1,02:03,UTC,1.5
2022,7,1,02:04,UTC,1.4
2022,7,1,02:05,UTC,1.2
2022,7,1,02:06,UTC,1.1
2022,7,1,02:07,UTC,1.2
2022,7,1,02:08,UTC,1.2
2022,7,1,02:09,UTC,1.7
2022,7,1,02:10,UTC,8.7
2022,7,1,02:11,UTC,4.9
2022,7,1,02:12,UTC,5.3
2022,7,1,02:13,UTC,1.7
2022,7,1,02:14,UTC,2.2
2022,7,1,02:15,UTC,2.8
2022,7,1,02:16,UTC,5
2022,7,1,02:17,UTC,10.1
2022,7,1,02:18,UTC,63
2022,7,1,02:19,UTC,100.4
2022,7,1,02:20,UTC,142.6
2022,7,1,02:21,UTC,95
2022,7,1,02:22,UTC,64
2022,7,1,02:23,UTC,169.4
2022,7,1,02:24,UTC,180.1
2022,7,1,02:25,UTC,190.1
2022,7,1,02:26,UTC,52
2022,7,1,02:27,UTC,6.1
2022,7,1,02:28,UTC,4.1
2022,7,1,02:29,UTC,3.3
2022,7,1,02:30,UTC,2.9
2022,7,1,02:31,UTC,2.8
2022,7,1,02:32,UTC,3.5
2022,7,1,02:33,UTC,22.1
2022,7,1,02:34,UTC,114.9
2022,7,1,02:35,UTC,123.8
2022,7,1,02:36,UTC,250
2022,7,1,02:37,UTC,265.9
2022,7,1,02:38,UTC,278
2022,7,1,02:39,UTC,236.2
2022,7,1,02:40,UTC,297
2022,7,1,02:41,UTC,317.5
2022,7,1,02:42,UTC,331.4
2022,7,1,02:43,UTC,334.1
2022,7,1,02:44,UTC,329.9
2022,7,1,02:45,UTC,333.1
2022,7,1,02:46,UTC,338.9
2022,7,1,02:47,UTC,348.3
2022,7,1,02:48,UTC,354.2
2022,7,1,02:49,UTC,363.5
2022,7,1,02:50,UTC,372.2
2022,7,1,02:51,UTC,375.2
2022,7,1,02:52,UTC,372.7
2022,7,1,02:53,UTC,372.4
2022,7,1,02:54,UTC,381.2
2022,7,1,02:55,UTC,399.4
2022,7,1,02:56,UTC,411.4
2022,7,1,02:57,UTC,415
2022,7,1,02:58,UTC,416
2022,7,1,02:59,UTC,416.4
2022,7,1,03:00,UTC,417.9
2022,7,1,03:01,UTC,418.2
2022,7,1,03:02,UTC,421.3
2022,7,1,03:03,UTC,422.8
2022,7,1,03:04,UTC,426.8
2022,7,1,03:05,UTC,431.7
2022,7,1,03:06,UTC,434.8
2022,7,1,03:07,UTC,437.7
2022,7,1,03:08,UTC,441.9
2022,7,1,03:09,UTC,448.1
2022,7,1,03:10,UTC,452.6
2022,7,1,03:11,UTC,454.1
2022,7,1,03:12,UTC,456.5
2022,7,1,03:13,UTC,461.5
2022,7,1,03:14,UTC,465
2022,7,1,03:15,UTC,467.6
2022,7,1,03:16,UTC,468.7
2022,7,1,03:17,UTC,471
2022,7,1,03:18,UTC,475.3
2022,7,1,03:19,UTC,479.2
2022,7,1,03:20,UTC,488.6
2022,7,1,03:21,UTC,497.2
2022,7,1,03:22,UTC,503
2022,7,1,03:23,UTC,506.7
2022,7,1,03:24,UTC,508
2022,7,1,03:25,UTC,509.4
2022,7,1,03:26,UTC,512.6
2022,7,1,03:27,UTC,514.7
2022,7,1,03:28,UTC,517.7
2022,7,1,03:29,UTC,519.3
2022,7,1,03:30,UTC,520.8
2022,7,1,03:31,UTC,521.7
2022,7,1,03:32,UTC,521.6
2022,7,1,03:33,UTC,522.4
2022,7,1,03:34,UTC,522.9
2022,7,1,03:35,UTC,524.3
2022,7,1,03:36,UTC,527.5
2022,7,1,03:37,UTC,531.7
2022,7,1,03:38,UTC,536.1
2022,7,1,03:39,UTC,538
2022,7,1,03:40,UTC,541.1
2022,7,1,03:41,UTC,543.8
2022,7,1,03:42,UTC,547.3
2022,7,1,03:43,UTC,550.5
2022,7,1,03:44,UTC,554
2022,7,1,03:45,UTC,558.4
2022,7,1,03:46,UTC,559.7
2022,7,1,03:47,UTC,563.7
2022,7,1,03:48,UTC,565.8
2022,7,1,03:49,UTC,567.4
2022,7,1,03:50,UTC,567
2022,7,1,03:51,UTC,566.2
2022,7,1,03:52,UTC,571.4
2022,7,1,03:53,UTC,573.8
2022,7,1,03:54,UTC,576.2
2022,7,1,03:55,UTC,579.8
2022,7,1,03:56,UTC,581.2
2022,7,1,03:57,UTC,583.5
2022,7,1,03:58,UTC,578.5
2022,7,1,03:59,UTC,542.7
2022,7,1,04:00,UTC,410.2
2022,7,1,04:01,UTC,257.3
2022,7,1,04:02,UTC,156.7
2022,7,1,04:03,UTC,159
2022,7,1,04:04,UTC,167.2
2022,7,1,04:05,UTC,138.4
2022,7,1,04:06,UTC,105.8
2022,7,1,04:07,UTC,82
2022,7,1,04:08,UTC,82.7
2022,7,1,04:09,UTC,74.8
2022,7,1,04:10,UTC,90.7
2022,7,1,04:11,UTC,150.8
2022,7,1,04:12,UTC,184.1
2022,7,1,04:13,UTC,227.4
2022,7,1,04:14,UTC,227.5
2022,7,1,04:15,UTC,334.8
2022,7,1,04:16,UTC,378.2
2022,7,1,04:17,UTC,336.3
2022,7,1,04:18,UTC,311.6
2022,7,1,04:19,UTC,230.5
2022,7,1,04:20,UTC,137.3
2022,7,1,04:21,UTC,75.2
2022,7,1,04:22,UTC,117
2022,7,1,04:23,UTC,153.9
2022,7,1,04:24,UTC,158.4
2022,7,1,04:25,UTC,127.5
2022,7,1,04:26,UTC,183.8
2022,7,1,04:27,UTC,180.5
2022,7,1,04:28,UTC,146.1
2022,7,1,04:29,UTC,200.3
2022,7,1,04:30,UTC,253.9
2022,7,1,04:31,UTC,448.4
2022,7,1,04:32,UTC,583.6
2022,7,1,04:33,UTC,578.7
2022,7,1,04:34,UTC,542.8
2022,7,1,04:35,UTC,507.5
2022,7,1,04:36,UTC,436.1
2022,7,1,04:37,UTC,329.2
2022,7,1,04:38,UTC,439.9
2022,7,1,04:39,UTC,622.2
2022,7,1,04:40,UTC,650.5
2022,7,1,04:41,UTC,665.2
2022,7,1,04:42,UTC,677.4
2022,7,1,04:43,UTC,674.9
2022,7,1,04:44,UTC,670.1
2022,7,1,04:45,UTC,678.5
2022,7,1,04:46,UTC,685.4
2022,7,1,04:47,UTC,684.5
2022,7,1,04:48,UTC,695.7
2022,7,1,04:49,UTC,697.2
2022,7,1,04:50,UTC,704.9
2022,7,1,04:51,UTC,706.2
2022,7,1,04:52,UTC,712.1
2022,7,1,04:53,UTC,700.5
2022,7,1,04:54,UTC,714.5
2022,7,1,04:55,UTC,723.2
2022,7,1,04:56,UTC,725.1
2022,7,1,04:57,UTC,727.6
2022,7,1,04:58,UTC,729.2
2022,7,1,04:59,UTC,731.4
2022,7,1,05:00,UTC,733
2022,7,1,05:01,UTC,737.3
2022,7,1,05:02,UTC,740.7
2022,7,1,05:03,UTC,740.4
2022,7,1,05:04,UTC,743.6
2022,7,1,05:05,UTC,746.1
2022,7,1,05:06,UTC,748.9
2022,7,1,05:07,UTC,746.9
2022,7,1,05:08,UTC,748.6
2022,7,1,05:09,UTC,745.8
2022,7,1,05:10,UTC,753.7
2022,7,1,05:11,UTC,755.7
2022,7,1,05:12,UTC,757.5
2022,7,1,05:13,UTC,759.8
2022,7,1,05:14,UTC,757.5
2022,7,1,05:15,UTC,756.7
2022,7,1,05:16,UTC,760.9
2022,7,1,05:17,UTC,764
2022,7,1,05:18,UTC,765
2022,7,1,05:19,UTC,765.6
2022,7,1,05:20,UTC,767.5
2022,7,1,05:21,UTC,770.2
2022,7,1,05:22,UTC,771.5
2022,7,1,05:23,UTC,769.7
2022,7,1,05:24,UTC,767.8
2022,7,1,05:25,UTC,769.4
2022,7,1,05:26,UTC,768.4
2022,7,1,05:27,UTC,756.9
2022,7,1,05:28,UTC,765.7
2022,7,1,05:29,UTC,762.2
2022,7,1,05:30,UTC,755
2022,7,1,05:31,UTC,717.7
2022,7,1,05:32,UTC,669.3
2022,7,1,05:33,UTC,603.7
2022,7,1,05:34,UTC,736.6
2022,7,1,05:35,UTC,750.3
2022,7,1,05:36,UTC,745.2
2022,7,1,05:37,UTC,732.1
2022,7,1,05:38,UTC,735.3
2022,7,1,05:39,UTC,706.2
2022,7,1,05:40,UTC,695.3
2022,7,1,05:41,UTC,699.3
2022,7,1,05:42,UTC,667.5
2022,7,1,05:43,UTC,619.1
2022,7,1,05:44,UTC,572.3
2022,7,1,05:45,UTC,539.7
2022,7,1,05:46,UTC,461.3
2022,7,1,05:47,UTC,358
2022,7,1,05:48,UTC,360.4
2022,7,1,05:49,UTC,464.5
2022,7,1,05:50,UTC,546.3
2022,7,1,05:51,UTC,555.4
2022,7,1,05:52,UTC,549.9
2022,7,1,05:53,UTC,548.2
2022,7,1,05:54,UTC,528.3
2022,7,1,05:55,UTC,474.7
2022,7,1,05:56,UTC,348.5
2022,7,1,05:57,UTC,360.3
2022,7,1,05:58,UTC,349
2022,7,1,05:59,UTC,333.9
2022,7,1,06:00,UTC,316.1
2022,7,1,06:01,UTC,508.2
2022,7,1,06:02,UTC,644.8
2022,7,1,06:03,UTC,712.5
2022,7,1,06:04,UTC,730
2022,7,1,06:05,UTC,761
2022,7,1,06:06,UTC,782.7
2022,7,1,06:07,UTC,795.2
2022,7,1,06:08,UTC,801.8
2022,7,1,06:09,UTC,808.8
2022,7,1,06:10,UTC,810.9
2022,7,1,06:11,UTC,814.5
2022,7,1,06:12,UTC,813
2022,7,1,06:13,UTC,812.8
2022,7,1,06:14,UTC,814.2
2022,7,1,06:15,UTC,814.1
2022,7,1,06:16,UTC,810.2
2022,7,1,06:17,UTC,793.8
2022,7,1,06:18,UTC,714.7
2022,7,1,06:19,UTC,643
2022,7,1,06:20,UTC,770.3
2022,7,1,06:21,UTC,782.4
2022,7,1,06:22,UTC,779.8
2022,7,1,06:23,UTC,800.7
2022,7,1,06:24,UTC,816
2022,7,1,06:25,UTC,819.7
2022,7,1,06:26,UTC,822.5
2022,7,1,06:27,UTC,818.4
2022,7,1,06:28,UTC,816.9
2022,7,1,06:29,UTC,809.3
2022,7,1,06:30,UTC,806.8
2022,7,1,06:31,UTC,796.8
2022,7,1,06:32,UTC,771.5
2022,7,1,06:33,UTC,809.4
2022,7,1,06:34,UTC,810.6
2022,7,1,06:35,UTC,810.1
2022,7,1,06:36,UTC,815.5
2022,7,1,06:37,UTC,814.2
2022,7,1,06:38,UTC,814.8
2022,7,1,06:39,UTC,821.7
2022,7,1,06:40,UTC,826.1
2022,7,1,06:41,UTC,819.5
2022,7,1,06:42,UTC,794.9
2022,7,1,06:43,UTC,784.7
2022,7,1,06:44,UTC,788.2
2022,7,1,06:45,UTC,784.1
2022,7,1,06:46,UTC,796.3
2022,7,1,06:47,UTC,804.6
2022,7,1,06:48,UTC,806.6
2022,7,1,06:49,UTC,801.8
2022,7,1,06:50,UTC,789.1
2022,7,1,06:51,UTC,787.3
2022,7,1,06:52,UTC,777.8
2022,7,1,06:53,UTC,765.4
2022,7,1,06:54,UTC,786.7
2022,7,1,06:55,UTC,726.9
2022,7,1,06:56,UTC,705.3
2022,7,1,06:57,UTC,647.8
2022,7,1,06:58,UTC,654.1
2022,7,1,06:59,UTC,671.2
2022,7,1,07:00,UTC,719.1
2022,7,1,07:01,UTC,714.9
2022,7,1,07:02,UTC,719.2
2022,7,1,07:03,UTC,734.9
2022,7,1,07:04,UTC,743
2022,7,1,07:05,UTC,767.9
2022,7,1,07:06,UTC,686.4
2022,7,1,07:07,UTC,622
2022,7,1,07:08,UTC,666.1
2022,7,1,07:09,UTC,395.4
2022,7,1,07:10,UTC,513.9
2022,7,1,07:11,UTC,561.8
2022,7,1,07:12,UTC,737
2022,7,1,07:13,UTC,732
2022,7,1,07:14,UTC,750.4
2022,7,1,07:15,UTC,748.1
2022,7,1,07:16,UTC,739.8
2022,7,1,07:17,UTC,729
2022,7,1,07:18,UTC,757.2
2022,7,1,07:19,UTC,772.2
2022,7,1,07:20,UTC,765.9
2022,7,1,07:21,UTC,766.8
2022,7,1,07:22,UTC,756.1
2022,7,1,07:23,UTC,690.6
2022,7,1,07:24,UTC,351.9
2022,7,1,07:25,UTC,277.4
2022,7,1,07:26,UTC,156.2
2022,7,1,07:27,UTC,97.9
2022,7,1,07:28,UTC,96.3
2022,7,1,07:29,UTC,31.7
2022,7,1,07:30,UTC,17.8
2022,7,1,07:31,UTC,16.9
2022,7,1,07:32,UTC,12.8
2022,7,1,07:33,UTC,16.9
2022,7,1,07:34,UTC,34.3
2022,7,1,07:35,UTC,115.3
2022,7,1,07:36,UTC,55.6
2022,7,1,07:37,UTC,159.5
2022,7,1,07:38,UTC,271.9
2022,7,1,07:39,UTC,270.5
2022,7,1,07:40,UTC,51.6
2022,7,1,07:41,UTC,35.1
2022,7,1,07:42,UTC,27.3
2022,7,1,07:43,UTC,152.2
2022,7,1,07:44,UTC,63.3
2022,7,1,07:45,UTC,21.8
2022,7,1,07:46,UTC,29.5
2022,7,1,07:47,UTC,58.2
2022,7,1,07:48,UTC,29.9
2022,7,1,07:49,UTC,27.1
2022,7,1,07:50,UTC,8.4
2022,7,1,07:51,UTC,7.4
2022,7,1,07:52,UTC,21.6
2022,7,1,07:53,UTC,14.4
2022,7,1,07:54,UTC,49.5
2022,7,1,07:55,UTC,73.4
2022,7,1,07:56,UTC,39.2
2022,7,1,07:57,UTC,190.9
2022,7,1,07:58,UTC,462.5
2022,7,1,07:59,UTC,510.7
2022,7,1,08:00,UTC,592.4
2022,7,1,08:01,UTC,621.7
2022,7,1,08:02,UTC,649.7
2022,7,1,08:03,UTC,687.2
2022,7,1,08:04,UTC,668.2
2022,7,1,08:05,UTC,471.9
2022,7,1,08:06,UTC,719.3
2022,7,1,08:07,UTC,367.1
2022,7,1,08:08,UTC,211
2022,7,1,08:09,UTC,520.7
2022,7,1,08:10,UTC,715.8
2022,7,1,08:11,UTC,751.6
2022,7,1,08:12,UTC,802.2
2022,7,1,08:13,UTC,823
2022,7,1,08:14,UTC,829.3
2022,7,1,08:15,UTC,824.4
2022,7,1,08:16,UTC,796
2022,7,1,08:17,UTC,818.9
2022,7,1,08:18,UTC,820
2022,7,1,08:19,UTC,755.4
2022,7,1,08:20,UTC,829.3
2022,7,1,08:21,UTC,827.7
2022,7,1,08:22,UTC,830.4
2022,7,1,08:23,UTC,822
2022,7,1,08:24,UTC,812.6
2022,7,1,08:25,UTC,824.9
2022,7,1,08:26,UTC,717.7
2022,7,1,08:27,UTC,656.8
2022,7,1,08:28,UTC,710
2022,7,1,08:29,UTC,603.2
2022,7,1,08:30,UTC,508.6
2022,7,1,08:31,UTC,613.5
2022,7,1,08:32,UTC,461.3
2022,7,1,08:33,UTC,522.5
2022,7,1,08:34,UTC,575.4
2022,7,1,08:35,UTC,774.2
2022,7,1,08:36,UTC,823.9
2022,7,1,08:37,UTC,833.7
2022,7,1,08:38,UTC,826.4
2022,7,1,08:39,UTC,794.2
2022,7,1,08:40,UTC,644.3
2022,7,1,08:41,UTC,511.8
2022,7,1,08:42,UTC,476.9
2022,7,1,08:43,UTC,593.2
2022,7,1,08:44,UTC,678
2022,7,1,08:45,UTC,782.1
2022,7,1,08:46,UTC,817.2
2022,7,1,08:47,UTC,764.5
2022,7,1,08:48,UTC,684.6
2022,7,1,08:49,UTC,614.5
2022,7,1,08:50,UTC,432.2
2022,7,1,08:51,UTC,426.4
2022,7,1,08:52,UTC,176.2
2022,7,1,08:53,UTC,304.7
2022,7,1,08:54,UTC,720.4
2022,7,1,08:55,UTC,681.6
2022,7,1,08:56,UTC,611.9
2022,7,1,08:57,UTC,461.1
2022,7,1,08:58,UTC,501.1
2022,7,1,08:59,UTC,314.4
2022,7,1,09:00,UTC,172.5
2022,7,1,09:01,UTC,35
2022,7,1,09:02,UTC,61.2
2022,7,1,09:03,UTC,56.8
2022,7,1,09:04,UTC,33.4
2022,7,1,09:05,UTC,91.6
2022,7,1,09:06,UTC,167.2
2022,7,1,09:07,UTC,201
2022,7,1,09:08,UTC,164.8
2022,7,1,09:09,UTC,78.6
2022,7,1,09:10,UTC,78.2
2022,7,1,09:11,UTC,88.8
2022,7,1,09:12,UTC,125.6
2022,7,1,09:13,UTC,67.1
2022,7,1,09:14,UTC,66.2
2022,7,1,09:15,UTC,163.1
2022,7,1,09:16,UTC,148.5
2022,7,1,09:17,UTC,28.1
2022,7,1,09:18,UTC,54.2
2022,7,1,09:19,UTC,87.7
2022,7,1,09:20,UTC,141
2022,7,1,09:21,UTC,104.4
2022,7,1,09:22,UTC,185.8
2022,7,1,09:23,UTC,89.1
2022,7,1,09:24,UTC,42.7
2022,7,1,09:25,UTC,17
2022,7,1,09:26,UTC,11.9
2022,7,1,09:27,UTC,18.4
2022,7,1,09:28,UTC,13.7
2022,7,1,09:29,UTC,24.4
2022,7,1,09:30,UTC,10.8
2022,7,1,09:31,UTC,11.6
2022,7,1,09:32,UTC,3.9
2022,7,1,09:33,UTC,2.8
2022,7,1,09:34,UTC,10.1
2022,7,1,09:35,UTC,2.1
2022,7,1,09:36,UTC,1.6
2022,7,1,09:37,UTC,2.3
2022,7,1,09:38,UTC,2.7
2022,7,1,09:39,UTC,2.6
2022,7,1,09:40,UTC,2.1
2022,7,1,09:41,UTC,4.6
2022,7,1,09:42,UTC,5.5
2022,7,1,09:43,UTC,4.7
2022,7,1,09:44,UTC,14.8
2022,7,1,09:45,UTC,61.4
2022,7,1,09:46,UTC,105.1
2022,7,1,09:47,UTC,128.9
2022,7,1,09:48,UTC,183.9
2022,7,1,09:49,UTC,186.1
2022,7,1,09:50,UTC,211.1
2022,7,1,09:51,UTC,290.6
2022,7,1,09:52,UTC,332.9
2022,7,1,09:53,UTC,343.8
2022,7,1,09:54,UTC,313.6
2022,7,1,09:55,UTC,308.3
2022,7,1,09:56,UTC,299.6
2022,7,1,09:57,UTC,183.1
2022,7,1,09:58,UTC,142.1
2022,7,1,09:59,UTC,127.1
2022,7,1,10:00,UTC,108.6
2022,7,1,10:01,UTC,106.4
2022,7,1,10:02,UTC,71.1
2022,7,1,10:03,UTC,55.1
2022,7,1,10:04,UTC,54.7
2022,7,1,10:05,UTC,35
2022,7,1,10:06,UTC,52.3
2022,7,1,10:07,UTC,71.3
2022,7,1,10:08,UTC,76
2022,7,1,10:09,UTC,49.5
2022,7,1,10:10,UTC,77.7
2022,7,1,10:11,UTC,121.5
2022,7,1,10:12,UTC,132.4
2022,7,1,10:13,UTC,156.7
2022,7,1,10:14,UTC,181.9
2022,7,1,10:15,UTC,165.4
2022,7,1,10:16,UTC,138.9
2022,7,1,10:17,UTC,133.1
2022,7,1,10:18,UTC,136.6
2022,7,1,10:19,UTC,154.4
2022,7,1,10:20,UTC,162.5
2022,7,1,10:21,UTC,158.3
2022,7,1,10:22,UTC,133.9
2022,7,1,10:23,UTC,106.3
2022,7,1,10:24,UTC,88.4
2022,7,1,10:25,UTC,115.4
2022,7,1,10:26,UTC,108.8
2022,7,1,10:27,UTC,116.4
2022,7,1,10:28,UTC,126
2022,7,1,10:29,UTC,113.8
2022,7,1,10:30,UTC,96.3
2022,7,1,10:31,UTC,70
2022,7,1,10:32,UTC,62.5
2022,7,1,10:33,UTC,71.6
2022,7,1,10:34,UTC,57.9
2022,7,1,10:35,UTC,39.8
2022,7,1,10:36,UTC,77.3
2022,7,1,10:37,UTC,129.1
2022,7,1,10:38,UTC,179.4
2022,7,1,10:39,UTC,213.6
2022,7,1,10:40,UTC,194.9
2022,7,1,10:41,UTC,123.8
2022,7,1,10:42,UTC,136.8
2022,7,1,10:43,UTC,166.1
2022,7,1,10:44,UTC,174.3
2022,7,1,10:45,UTC,137
2022,7,1,10:46,UTC,188.5
2022,7,1,10:47,UTC,174.6
2022,7,1,10:48,UTC,179.7
2022,7,1,10:49,UTC,171.7
2022,7,1,10:50,UTC,153.6
2022,7,1,10:51,UTC,122.6
2022,7,1,10:52,UTC,133.6
2022,7,1,10:53,UTC,186.9
2022,7,1,10:54,UTC,285.9
2022,7,1,10:55,UTC,464.6
2022,7,1,10:56,UTC,480.1
2022,7,1,10:57,UTC,412.1
2022,7,1,10:58,UTC,396.6
2022,7,1,10:59,UTC,364.6
2022,7,1,11:00,UTC,244.4
2022,7,1,11:01,UTC,292.8
2022,7,1,11:02,UTC,405
2022,7,1,11:03,UTC,436.5
2022,7,1,11:04,UTC,348.9
2022,7,1,11:05,UTC,359.4
2022,7,1,11:06,UTC,362.6
2022,7,1,11:07,UTC,340.7
2022,7,1,11:08,UTC,328.9
2022,7,1,11:09,UTC,285
2022,7,1,11:10,UTC,336.7
2022,7,1,11:11,UTC,426.2
2022,7,1,11:12,UTC,384.9
2022,7,1,11:13,UTC,328.6
2022,7,1,11:14,UTC,109.4
2022,7,1,11:15,UTC,199.6
2022,7,1,11:16,UTC,347.6
2022,7,1,11:17,UTC,268.6
2022,7,1,11:18,UTC,83.3
2022,7,1,11:19,UTC,34.7
2022,7,1,11:20,UTC,30
2022,7,1,11:21,UTC,39.6
2022,7,1,11:22,UTC,62.7
2022,7,1,11:23,UTC,133.8
2022,7,1,11:24,UTC,274.1
2022,7,1,11:25,UTC,299.5
2022,7,1,11:26,UTC,326.3
2022,7,1,11:27,UTC,333.7
2022,7,1,11:28,UTC,310
2022,7,1,11:29,UTC,275.6
2022,7,1,11:30,UTC,248.5
2022,7,1,11:31,UTC,254.6
2022,7,1,11:32,UTC,250.9
2022,7,1,11:33,UTC,256.8
2022,7,1,11:34,UTC,215.7
2022,7,1,11:35,UTC,191.1
2022,7,1,11:36,UTC,212.7
2022,7,1,11:37,UTC,240.6
2022,7,1,11:38,UTC,293.8
2022,7,1,11:39,UTC,313.4
2022,7,1,11:40,UTC,305.8
2022,7,1,11:41,UTC,267.6
2022,7,1,11:42,UTC,246.5
2022,7,1,11:43,UTC,240.7
2022,7,1,11:44,UTC,232.7
2022,7,1,11:45,UTC,274.2
2022,7,1,11:46,UTC,309.8
2022,7,1,11:47,UTC,303.6
2022,7,1,11:48,UTC,315.3
2022,7,1,11:49,UTC,331.3
2022,7,1,11:50,UTC,368.9
2022,7,1,11:51,UTC,428.2
2022,7,1,11:52,UTC,460.9
2022,7,1,11:53,UTC,481.8
2022,7,1,11:54,UTC,527
2022,7,1,11:55,UTC,575.7
2022,7,1,11:56,UTC,627.1
2022,7,1,11:57,UTC,643.2
2022,7,1,11:58,UTC,660.6
2022,7,1,11:59,UTC,692.6
2022,7,1,12:00,UTC,722.6
2022,7,1,12:01,UTC,745.9
2022,7,1,12:02,UTC,771.5
2022,7,1,12:03,UTC,775.9
2022,7,1,12:04,UTC,783.7
2022,7,1,12:05,UTC,793.6
2022,7,1,12:06,UTC,798.5
2022,7,1,12:07,UTC,798.5
2022,7,1,12:08,UTC,798.6
2022,7,1,12:09,UTC,798.8
2022,7,1,12:10,UTC,800.8
2022,7,1,12:11,UTC,800.5
2022,7,1,12:12,UTC,799
2022,7,1,12:13,UTC,797.7
2022,7,1,12:14,UTC,797.2
2022,7,1,12:15,UTC,798.6
2022,7,1,12:16,UTC,797.9
2022,7,1,12:17,UTC,799.4
2022,7,1,12:18,UTC,800.1
2022,7,1,12:19,UTC,799.3
2022,7,1,12:20,UTC,797.6
2022,7,1,12:21,UTC,782.6
2022,7,1,12:22,UTC,746.8
2022,7,1,12:23,UTC,784
2022,7,1,12:24,UTC,790.5
2022,7,1,12:25,UTC,780.3
2022,7,1,12:26,UTC,782.9
2022,7,1,12:27,UTC,787
2022,7,1,12:28,UTC,785.7
2022,7,1,12:29,UTC,785.6
2022,7,1,12:30,UTC,784.4
2022,7,1,12:31,UTC,782.4
2022,7,1,12:32,UTC,780.2
2022,7,1,12:33,UTC,780.9
2022,7,1,12:34,UTC,782.3
2022,7,1,12:35,UTC,780.5
2022,7,1,12:36,UTC,779.6
2022,7,1,12:37,UTC,780.2
2022,7,1,12:38,UTC,770
2022,7,1,12:39,UTC,302.4
2022,7,1,12:40,UTC,210.3
2022,7,1,12:41,UTC,184.2
2022,7,1,12:42,UTC,166.6
2022,7,1,12:43,UTC,149
2022,7,1,12:44,UTC,190
2022,7,1,12:45,UTC,113.2
2022,7,1,12:46,UTC,79.6
2022,7,1,12:47,UTC,100.4
2022,7,1,12:48,UTC,76.9
2022,7,1,12:49,UTC,165.5
2022,7,1,12:50,UTC,336
2022,7,1,12:51,UTC,122
2022,7,1,12:52,UTC,387.2
2022,7,1,12:53,UTC,240
2022,7,1,12:54,UTC,763.9
2022,7,1,12:55,UTC,254
2022,7,1,12:56,UTC,426.5
2022,7,1,12:57,UTC,396.3
2022,7,1,12:58,UTC,720.6
2022,7,1,12:59,UTC,732
2022,7,1,13:00,UTC,728.7
2022,7,1,13:01,UTC,722.2
2022,7,1,13:02,UTC,641
2022,7,1,13:03,UTC,665.5
2022,7,1,13:04,UTC,597.1
2022,7,1,13:05,UTC,511.9
2022,7,1,13:06,UTC,695.4
2022,7,1,13:07,UTC,694.7
2022,7,1,13:08,UTC,662.3
2022,7,1,13:09,UTC,623.1
2022,7,1,13:10,UTC,527.9
2022,7,1,13:11,UTC,566.6
2022,7,1,13:12,UTC,610.2
2022,7,1,13:13,UTC,584.4
2022,7,1,13:14,UTC,626.7
2022,7,1,13:15,UTC,628.4
2022,7,1,13:16,UTC,584.4
2022,7,1,13:17,UTC,559.6
2022,7,1,13:18,UTC,575.2
2022,7,1,13:19,UTC,571.8
2022,7,1,13:20,UTC,584.2
2022,7,1,13:21,UTC,602.7
2022,7,1,13:22,UTC,593.2
2022,7,1,13:23,UTC,618.5
2022,7,1,13:24,UTC,628.5
2022,7,1,13:25,UTC,641.1
2022,7,1,13:26,UTC,643.7
2022,7,1,13:27,UTC,618.3
2022,7,1,13:28,UTC,600.9
2022,7,1,13:29,UTC,587.1
2022,7,1,13:30,UTC,641.7
2022,7,1,13:31,UTC,637.5
2022,7,1,13:32,UTC,429.1
2022,7,1,13:33,UTC,260.3
2022,7,1,13:34,UTC,211.2
2022,7,1,13:35,UTC,325
2022,7,1,13:36,UTC,189.6
2022,7,1,13:37,UTC,199.3
2022,7,1,13:38,UTC,176.6
2022,7,1,13:39,UTC,173.3
2022,7,1,13:40,UTC,114.2
2022,7,1,13:41,UTC,189.2
2022,7,1,13:42,UTC,213.4
2022,7,1,13:43,UTC,245
2022,7,1,13:44,UTC,85.2
2022,7,1,13:45,UTC,146.2
2022,7,1,13:46,UTC,165.6
2022,7,1,13:47,UTC,116.5
2022,7,1,13:48,UTC,35.3
2022,7,1,13:49,UTC,145.9
2022,7,1,13:50,UTC,60.9
2022,7,1,13:51,UTC,50.1
2022,7,1,13:52,UTC,0.2
2022,7,1,13:53,UTC,-0.3
2022,7,1,13:54,UTC,3.1
2022,7,1,13:55,UTC,0.1
2022,7,1,13:56,UTC,-0.4
2022,7,1,13:57,UTC,2
2022,7,1,13:58,UTC,4.3
2022,7,1,13:59,UTC,3.6
2022,7,1,14:00,UTC,11.1
2022,7,1,14:01,UTC,14.6
2022,7,1,14:02,UTC,8.8
2022,7,1,14:03,UTC,3
2022,7,1,14:04,UTC,2.2
2022,7,1,14:05,UTC,2.3
2022,7,1,14:06,UTC,2.6
2022,7,1,14:07,UTC,4
2022,7,1,14:08,UTC,11.2
2022,7,1,14:09,UTC,18.1
2022,7,1,14:10,UTC,15.5
2022,7,1,14:11,UTC,6.4
2022,7,1,14:12,UTC,4.9
2022,7,1,14:13,UTC,7.6
2022,7,1,14:14,UTC,14.9
2022,7,1,14:15,UTC,69.5
2022,7,1,14:16,UTC,19.5
2022,7,1,14:17,UTC,9.1
2022,7,1,14:18,UTC,4.4
2022,7,1,14:19,UTC,2.6
2022,7,1,14:20,UTC,2.7
2022,7,1,14:21,UTC,4.8
2022,7,1,14:22,UTC,9.2
2022,7,1,14:23,UTC,4.2
2022,7,1,14:24,UTC,2.4
2022,7,1,14:25,UTC,2.7
2022,7,1,14:26,UTC,6.8
2022,7,1,14:27,UTC,5.3
2022,7,1,14:28,UTC,9.4
2022,7,1,14:29,UTC,35.2
2022,7,1,14:30,UTC,15.2
2022,7,1,14:31,UTC,12.7
2022,7,1,14:32,UTC,4.1
2022,7,1,14:33,UTC,2.3
2022,7,1,14:34,UTC,1.9
2022,7,1,14:35,UTC,1.3
2022,7,1,14:36,UTC,0.7
2022,7,1,14:37,UTC,0.6
2022,7,1,14:38,UTC,0.4
2022,7,1,14:39,UTC,0.4
2022,7,1,14:40,UTC,0.2
2022,7,1,14:41,UTC,1.1
2022,7,1,14:42,UTC,2.2
2022,7,1,14:43,UTC,2.7
2022,7,1,14:44,UTC,1.9
2022,7,1,14:45,UTC,4
2022,7,1,14:46,UTC,4.8
2022,7,1,14:47,UTC,2.6
2022,7,1,14:48,UTC,3.3
2022,7,1,14:49,UTC,3.4
2022,7,1,14:50,UTC,2.4
2022,7,1,14:51,UTC,1.5
2022,7,1,14:52,UTC,1.3
2022,7,1,14:53,UTC,1.7
2022,7,1,14:54,UTC,2.4
2022,7,1,14:55,UTC,3.3
2022,7,1,14:56,UTC,4
2022,7,1,14:57,UTC,3
2022,7,1,14:58,UTC,1.7
2022,7,1,14:59,UTC,0.4
2022,7,1,15:00,UTC,-0.3
2022,7,1,15:01,UTC,0.1
2022,7,1,15:02,UTC,2.4
2022,7,1,15:03,UTC,9.6
2022,7,1,15:04,UTC,5.4
2022,7,1,15:05,UTC,6.6
2022,7,1,15:06,UTC,0.4
2022,7,1,15:07,UTC,0.9
2022,7,1,15:08,UTC,-0.3
2022,7,1,15:09,UTC,-0.4
2022,7,1,15:10,UTC,-0.1
2022,7,1,15:11,UTC,-0.2
2022,7,1,15:12,UTC,-0.1
2022,7,1,15:13,UTC,-0.5
2022,7,1,15:14,UTC,-0.4
2022,7,1,15:15,UTC,0
2022,7,1,15:16,UTC,-0.2
2022,7,1,15:17,UTC,-0.6
2022,7,1,15:18,UTC,-0.3
2022,7,1,15:19,UTC,-0.3
2022,7,1,15:20,UTC,0
2022,7,1,15:21,UTC,-0.5
2022,7,1,15:22,UTC,-0.6
2022,7,1,15:23,UTC,0.2
2022,7,1,15:24,UTC,0.3
2022,7,1,15:25,UTC,0.1
2022,7,1,15:26,UTC,0.4
2022,7,1,15:27,UTC,1.9
2022,7,1,15:28,UTC,8.9
2022,7,1,15:29,UTC,5.7
2022,7,1,15:30,UTC,3.2
2022,7,1,15:31,UTC,5.9
2022,7,1,15:32,UTC,12.6
2022,7,1,15:33,UTC,11.6
2022,7,1,15:34,UTC,7.9
2022,7,1,15:35,UTC,3.6
2022,7,1,15:36,UTC,1.7
2022,7,1,15:37,UTC,1.2
2022,7,1,15:38,UTC,1.3
2022,7,1,15:39,UTC,1.8
2022,7,1,15:40,UTC,2.1
2022,7,1,15:41,UTC,2.5
2022,7,1,15:42,UTC,3.3
2022,7,1,15:43,UTC,4.1
2022,7,1,15:44,UTC,4.4
2022,7,1,15:45,UTC,4
2022,7,1,15:46,UTC,4.3
2022,7,1,15:47,UTC,4.6
2022,7,1,15:48,UTC,4
2022,7,1,15:49,UTC,3.6
2022,7,1,15:50,UTC,3.1
2022,7,1,15:51,UTC,3.5
2022,7,1,15:52,UTC,3.6
2022,7,1,15:53,UTC,3.7
2022,7,1,15:54,UTC,4.8
2022,7,1,15:55,UTC,10.9
2022,7,1,15:56,UTC,15.6
2022,7,1,15:57,UTC,14.2
2022,7,1,15:58,UTC,10.7
2022,7,1,15:59,UTC,5.1
2022,7,1,16:00,UTC,2.7
2022,7,1,16:01,UTC,1.7
2022,7,1,16:02,UTC,1.4
2022,7,1,16:03,UTC,1.5
2022,7,1,16:04,UTC,2.1
2022,7,1,16:05,UTC,1.4
2022,7,1,16:06,UTC,1.2
2022,7,1,16:07,UTC,1.1
2022,7,1,16:08,UTC,1.1
2022,7,1,16:09,UTC,0.6
2022,7,1,16:10,UTC,0.9
2022,7,1,16:11,UTC,1
2022,7,1,16:12,UTC,1.3
2022,7,1,16:13,UTC,1.2
2022,7,1,16:14,UTC,1
2022,7,1,16:15,UTC,0.8
2022,7,1,16:16,UTC,0.8
2022,7,1,16:17,UTC,0.4
2022,7,1,16:18,UTC,0.1
2022,7,1,16:19,UTC,0.5
2022,7,1,16:20,UTC,0.7
2022,7,1,16:21,UTC,0.6
2022,7,1,16:22,UTC,0.3
2022,7,1,16:23,UTC,0.4
2022,7,1,16:24,UTC,0.4
2022,7,1,16:25,UTC,0.2
2022,7,1,16:26,UTC,0.1
2022,7,1,16:27,UTC,0.3
2022,7,1,16:28,UTC,0.2
2022,7,1,16:29,UTC,0.3
2022,7,1,16:30,UTC,0.5
2022,7,1,16:31,UTC,0.3
2022,7,1,16:32,UTC,0.2
2022,7,1,16:33,UTC,0.1
2022,7,1,16:34,UTC,0.3
2022,7,1,16:35,UTC,-0.1
2022,7,1,16:36,UTC,-0.3
2022,7,1,16:37,UTC,-0.3
2022,7,1,16:38,UTC,-0.2
2022,7,1,16:39,UTC,-0.2
2022,7,1,16:40,UTC,0
2022,7,1,16:41,UTC,0.3
2022,7,1,16:42,UTC,0.4
2022,7,1,16:43,UTC,0.5
2022,7,1,16:44,UTC,0.8
2022,7,1,16:45,UTC,0.8
2022,7,1,16:46,UTC,0.6
2022,7,1,16:47,UTC,0.5
2022,7,1,16:48,UTC,0.3
2022,7,1,16:49,UTC,0.4
2022,7,1,16:50,UTC,0.4
2022,7,1,16:51,UTC,0.3
2022,7,1,16:52,UTC,0.2
2022,7,1,16:53,UTC,0.3
2022,7,1,16:54,UTC,0.9
2022,7,1,16:55,UTC,1
2022,7,1,16:56,UTC,0.9
2022,7,1,16:57,UTC,0.7
2022,7,1,16:58,UTC,0.7
2022,7,1,16:59,UTC,0.7
2022,7,1,17:00,UTC,0.6
2022,7,1,17:01,UTC,0.4
2022,7,1,17:02,UTC,0.5
2022,7,1,17:03,UTC,0.5
2022,7,1,17:04,UTC,0.9
2022,7,1,17:05,UTC,1
2022,7,1,17:06,UTC,0.7
2022,7,1,17:07,UTC,0.4
2022,7,1,17:08,UTC,0.3
2022,7,1,17:09,UTC,0.5
2022,7,1,17:10,UTC,0.4
2022,7,1,17:11,UTC,0.7
2022,7,1,17:12,UTC,0.8
2022,7,1,17:13,UTC,0.7
2022,7,1,17:14,UTC,0.4
2022,7,1,17:15,UTC,0.2
2022,7,1,17:16,UTC,0.3
2022,7,1,17:17,UTC,0.2
2022,7,1,17:18,UTC,0.1
2022,7,1,17:19,UTC,0
2022,7,1,17:20,UTC,0.2
2022,7,1,17:21,UTC,0.1
2022,7,1,17:22,UTC,0
2022,7,1,17:23,UTC,0.1
2022,7,1,17:24,UTC,0.1
2022,7,1,17:25,UTC,0.1
2022,7,1,17:26,UTC,0.3
2022,7,1,17:27,UTC,0.3
2022,7,1,17:28,UTC,0.4
2022,7,1,17:29,UTC,0.2
2022,7,1,17:30,UTC,0.4
2022,7,1,17:31,UTC,0.5
2022,7,1,17:32,UTC,0.3
2022,7,1,17:33,UTC,0.2
2022,7,1,17:34,UTC,0.2
2022,7,1,17:35,UTC,0.1
2022,7,1,17:36,UTC,0.1
2022,7,1,17:37,UTC,0.2
2022,7,1,17:38,UTC,0.2
2022,7,1,17:39,UTC,0.2
2022,7,1,17:40,UTC,0.3
2022,7,1,17:41,UTC,0.2
2022,7,1,17:42,UTC,0.3
2022,7,1,17:43,UTC,0.3
2022,7,1,17:44,UTC,0.4
2022,7,1,17:45,UTC,0.5
2022,7,1,17:46,UTC,0.6
2022,7,1,17:47,UTC,0.6
2022,7,1,17:48,UTC,0.8
2022,7,1,17:49,UTC,0.7
2022,7,1,17:50,UTC,0.9
2022,7,1,17:51,UTC,0.9
2022,7,1,17:52,UTC,1.1
2022,7,1,17:53,UTC,1
2022,7,1,17:54,UTC,1
2022,7,1,17:55,UTC,1.1
2022,7,1,17:56,UTC,1.1
2022,7,1,17:57,UTC,1.1
2022,7,1,17:58,UTC,0.9
2022,7,1,17:59,UTC,1
2022,7,1,18:00,UTC,1
2022,7,1,18:01,UTC,1.2
2022,7,1,18:02,UTC,1.1
2022,7,1,18:03,UTC,1
2022,7,1,18:04,UTC,1
2022,7,1,18:05,UTC,1.1
2022,7,1,18:06,UTC,0.9
2022,7,1,18:07,UTC,1.1
2022,7,1,18:08,UTC,1.2
2022,7,1,18:09,UTC,1.3
2022,7,1,18:10,UTC,1.2
2022,7,1,18:11,UTC,1
2022,7,1,18:12,UTC,0.9
2022,7,1,18:13,UTC,0.9
2022,7,1,18:14,UTC,0.9
2022,7,1,18:15,UTC,0.8
2022,7,1,18:16,UTC,0.6
2022,7,1,18:17,UTC,0.5
2022,7,1,18:18,UTC,0.6
2022,7,1,18:19,UTC,0.4
2022,7,1,18:20,UTC,0.3
2022,7,1,18:21,UTC,0.3
2022,7,1,18:22,UTC,0.4
2022,7,1,18:23,UTC,0.5
2022,7,1,18:24,UTC,0.6
2022,7,1,18:25,UTC,0.5
2022,7,1,18:26,UTC,0.5
2022,7,1,18:27,UTC,0.5
2022,7,1,18:28,UTC,0.4
2022,7,1,18:29,UTC,0.3
2022,7,1,18:30,UTC,0.5
2022,7,1,18:31,UTC,0.3
2022,7,1,18:32,UTC,0.6
2022,7,1,18:33,UTC,0.7
2022,7,1,18:34,UTC,0.6
2022,7,1,18:35,UTC,0.5
2022,7,1,18:36,UTC,0.5
2022,7,1,18:37,UTC,0.5
2022,7,1,18:38,UTC,0.4
2022,7,1,18:39,UTC,0.5
2022,7,1,18:40,UTC,0.6
2022,7,1,18:41,UTC,0.6
2022,7,1,18:42,UTC,0.6
2022,7,1,18:43,UTC,0.6
2022,7,1,18:44,UTC,0.6
2022,7,1,18:45,UTC,0.5
2022,7,1,18:46,UTC,0.6
2022,7,1,18:47,UTC,0.4
2022,7,1,18:48,UTC,0.3
2022,7,1,18:49,UTC,0.5
2022,7,1,18:50,UTC,0.6
2022,7,1,18:51,UTC,0.4
2022,7,1,18:52,UTC,0.4
2022,7,1,18:53,UTC,0.3
2022,7,1,18:54,UTC,0.2
2022,7,1,18:55,UTC,0.2
2022,7,1,18:56,UTC,0.2
2022,7,1,18:57,UTC,0.1
2022,7,1,18:58,UTC,0.1
2022,7,1,18:59,UTC,0.1
2022,7,1,19:00,UTC,0.1
2022,7,1,19:01,UTC,0.2
2022,7,1,19:02,UTC,0
2022,7,1,19:03,UTC,-0.1
2022,7,1,19:04,UTC,0
2022,7,1,19:05,UTC,-0.1
2022,7,1,19:06,UTC,-0.3
2022,7,1,19:07,UTC,-0.2
2022,7,1,19:08,UTC,-0.3
2022,7,1,19:09,UTC,-0.3
2022,7,1,19:10,UTC,-0.1
2022,7,1,19:11,UTC,0
2022,7,1,19:12,UTC,-0.1
2022,7,1,19:13,UTC,0
2022,7,1,19:14,UTC,0
2022,7,1,19:15,UTC,-0.1
2022,7,1,19:16,UTC,-0.2
2022,7,1,19:17,UTC,-0.2
2022,7,1,19:18,UTC,-0.3
2022,7,1,19:19,UTC,-0.4
2022,7,1,19:20,UTC,-0.2
2022,7,1,19:21,UTC,-0.1
2022,7,1,19:22,UTC,-0.2
2022,7,1,19:23,UTC,-0.2
2022,7,1,19:24,UTC,-0.2
2022,7,1,19:25,UTC,-0.1
2022,7,1,19:26,UTC,-0.2
2022,7,1,19:27,UTC,-0.1
2022,7,1,19:28,UTC,0.2
2022,7,1,19:29,UTC,0.4
2022,7,1,19:30,UTC,0.4
2022,7,1,19:31,UTC,0.8
2022,7,1,19:32,UTC,1.2
2022,7,1,19:33,UTC,1.8
2022,7,1,19:34,UTC,2.1
2022,7,1,19:35,UTC,2.2
2022,7,1,19:36,UTC,2.3
2022,7,1,19:37,UTC,2.2
2022,7,1,19:38,UTC,1.9
2022,7,1,19:39,UTC,1.5
2022,7,1,19:40,UTC,1.1
2022,7,1,19:41,UTC,1.2
2022,7,1,19:42,UTC,0.9
2022,7,1,19:43,UTC,0.8
2022,7,1,19:44,UTC,0.1
2022,7,1,19:45,UTC,-0.1
2022,7,1,19:46,UTC,-0.2
2022,7,1,19:47,UTC,-0.4
2022,7,1,19:48,UTC,-0.5
2022,7,1,19:49,UTC,-0.4
2022,7,1,19:50,UTC,-0.4
2022,7,1,19:51,UTC,-0.3
2022,7,1,19:52,UTC,-0.4
2022,7,1,19:53,UTC,-0.3
2022,7,1,19:54,UTC,-0.1
2022,7,1,19:55,UTC,-0.1
2022,7,1,19:56,UTC,-0.1
2022,7,1,19:57,UTC,-0.1
2022,7,1,19:58,UTC,-0.3
2022,7,1,19:59,UTC,-0.2
2022,7,1,20:00,UTC,-0.2
2022,7,1,20:01,UTC,-0.1
2022,7,1,20:02,UTC,0
2022,7,1,20:03,UTC,0.1
2022,7,1,20:04,UTC,0.1
2022,7,1,20:05,UTC,0
2022,7,1,20:06,UTC,0
2022,7,1,20:07,UTC,0
2022,7,1,20:08,UTC,-0.2
2022,7,1,20:09,UTC,-0.1
2022,7,1,20:10,UTC,0.1
2022,7,1,20:11,UTC,-0.1
2022,7,1,20:12,UTC,0
2022,7,1,20:13,UTC,-0.1
2022,7,1,20:14,UTC,-0.2
2022,7,1,20:15,UTC,-0.3
2022,7,1,20:16,UTC,-0.1
2022,7,1,20:17,UTC,-0.2
2022,7,1,20:18,UTC,-0.2
2022,7,1,20:19,UTC,-0.3
2022,7,1,20:20,UTC,-0.1
2022,7,1,20:21,UTC,0.1
2022,7,1,20:22,UTC,0.2
2022,7,1,20:23,UTC,0
2022,7,1,20:24,UTC,0
2022,7,1,20:25,UTC,0
2022,7,1,20:26,UTC,-0.1
2022,7,1,20:27,UTC,0.1
2022,7,1,20:28,UTC,0.1
2022,7,1,20:29,UTC,0.1
2022,7,1,20:30,UTC,0.2
2022,7,1,20:31,UTC,0.1
2022,7,1,20:32,UTC,0
2022,7,1,20:33,UTC,0.2
2022,7,1,20:34,UTC,0.3
2022,7,1,20:35,UTC,0.5
2022,7,1,20:36,UTC,0.4
2022,7,1,20:37,UTC,0.3
2022,7,1,20:38,UTC,0.3
2022,7,1,20:39,UTC,0.3
2022,7,1,20:40,UTC,0.4
2022,7,1,20:41,UTC,0.6
2022,7,1,20:42,UTC,0.9
2022,7,1,20:43,UTC,0.8
2022,7,1,20:44,UTC,0.7
2022,7,1,20:45,UTC,0.7
2022,7,1,20:46,UTC,0.6
2022,7,1,20:47,UTC,0.7
2022,7,1,20:48,UTC,0.8
2022,7,1,20:49,UTC,0.6
2022,7,1,20:50,UTC,0.7
2022,7,1,20:51,UTC,0.6
2022,7,1,20:52,UTC,0.6
2022,7,1,20:53,UTC,0.4
2022,7,1,20:54,UTC,0.4
2022,7,1,20:55,UTC,0.4
2022,7,1,20:56,UTC,0.4
2022,7,1,20:57,UTC,0.5
2022,7,1,20:58,UTC,0.4
2022,7,1,20:59,UTC,0.4
2022,7,1,21:00,UTC,0.4
2022,7,1,21:01,UTC,0.4
2022,7,1,21:02,UTC,0.4
2022,7,1,21:03,UTC,0.7
2022,7,1,21:04,UTC,0.7
2022,7,1,21:05,UTC,0.6
2022,7,1,21:06,UTC,0.5
2022,7,1,21:07,UTC,0.5
2022,7,1,21:08,UTC,0.5
2022,7,1,21:09,UTC,0.6
2022,7,1,21:10,UTC,0.4
2022,7,1,21:11,UTC,0.4
2022,7,1,21:12,UTC,0.4
2022,7,1,21:13,UTC,0.1
2022,7,1,21:14,UTC,0
2022,7,1,21:15,UTC,0.1
2022,7,1,21:16,UTC,0
2022,7,1,21:17,UTC,0
2022,7,1,21:18,UTC,0.1
2022,7,1,21:19,UTC,0.2
2022,7,1,21:20,UTC,0.2
2022,7,1,21:21,UTC,0.1
2022,7,1,21:22,UTC,0.1
2022,7,1,21:23,UTC,0.2
2022,7,1,21:24,UTC,0.3
2022,7,1,21:25,UTC,0.2
2022,7,1,21:26,UTC,0.1
2022,7,1,21:27,UTC,0.3
2022,7,1,21:28,UTC,0.2
2022,7,1,21:29,UTC,0.1
2022,7,1,21:30,UTC,0.2
2022,7,1,21:31,UTC,0.2
2022,7,1,21:32,UTC,0.1
2022,7,1,21:33,UTC,0.2
2022,7,1,21:34,UTC,0.2
2022,7,1,21:35,UTC,0.3
2022,7,1,21:36,UTC,0.3
2022,7,1,21:37,UTC,0.3
2022,7,1,21:38,UTC,0.2
2022,7,1,21:39,UTC,0.1
2022,7,1,21:40,UTC,0.1
2022,7,1,21:41,UTC,-0.1
2022,7,1,21:42,UTC,0.1
2022,7,1,21:43,UTC,0.1
2022,7,1,21:44,UTC,-0.1
2022,7,1,21:45,UTC,-0.4
2022,7,1,21:46,UTC,-0.4
2022,7,1,21:47,UTC,-0.1
2022,7,1,21:48,UTC,0
2022,7,1,21:49,UTC,0
2022,7,1,21:50,UTC,-0.1
2022,7,1,21:51,UTC,0
2022,7,1,21:52,UTC,-0.2
2022,7,1,21:53,UTC,-0.2
2022,7,1,21:54,UTC,-0.4
2022,7,1,21:55,UTC,-0.6
2022,7,1,21:56,UTC,-0.3
2022,7,1,21:57,UTC,-0.1
2022,7,1,21:58,UTC,-0.1
2022,7,1,21:59,UTC,-0.2
2022,7,1,22:00,UTC,-0.3
2022,7,1,22:01,UTC,-0.4
2022,7,1,22:02,UTC,-0.3
2022,7,1,22:03,UTC,-0.1
2022,7,1,22:04,UTC,-0.1
2022,7,1,22:05,UTC,0.1
2022,7,1,22:06,UTC,0.1
2022,7,1,22:07,UTC,0
2022,7,1,22:08,UTC,-0.2
2022,7,1,22:09,UTC,0.1
2022,7,1,22:10,UTC,0.2
2022,7,1,22:11,UTC,-0.1
2022,7,1,22:12,UTC,-0.1
2022,7,1,22:13,UTC,-0.1
2022,7,1,22:14,UTC,0
2022,7,1,22:15,UTC,-0.1
2022,7,1,22:16,UTC,0.1
2022,7,1,22:17,UTC,0
2022,7,1,22:18,UTC,-0.1
2022,7,1,22:19,UTC,-0.3
2022,7,1,22:20,UTC,-0.2
2022,7,1,22:21,UTC,-0.3
2022,7,1,22:22,UTC,-0.1
2022,7,1,22:23,UTC,0
2022,7,1,22:24,UTC,0
2022,7,1,22:25,UTC,0
2022,7,1,22:26,UTC,0
2022,7,1,22:27,UTC,0
2022,7,1,22:28,UTC,0.1
2022,7,1,22:29,UTC,0.2
2022,7,1,22:30,UTC,-0.1
2022,7,1,22:31,UTC,-0.1
2022,7,1,22:32,UTC,-0.1
2022,7,1,22:33,UTC,0
2022,7,1,22:34,UTC,0.2
2022,7,1,22:35,UTC,0.2
2022,7,1,22:36,UTC,0.4
2022,7,1,22:37,UTC,0.1
2022,7,1,22:38,UTC,0
2022,7,1,22:39,UTC,0
2022,7,1,22:40,UTC,0.1
2022,7,1,22:41,UTC,-0.2
2022,7,1,22:42,UTC,-0.4
2022,7,1,22:43,UTC,-0.3
2022,7,1,22:44,UTC,-0.2
2022,7,1,22:45,UTC,-0.1
2022,7,1,22:46,UTC,-0.2
2022,7,1,22:47,UTC,-0.1
2022,7,1,22:48,UTC,0.1
2022,7,1,22:49,UTC,0
2022,7,1,22:50,UTC,0.1
2022,7,1,22:51,UTC,-0.1
2022,7,1,22:52,UTC,-0.1
2022,7,1,22:53,UTC,-0.1
2022,7,1,22:54,UTC,-0.3
2022,7,1,22:55,UTC,-0.2
2022,7,1,22:56,UTC,-0.1
2022,7,1,22:57,UTC,0
2022,7,1,22:58,UTC,-0.2
2022,7,1,22:59,UTC,-0.2
2022,7,1,23:00,UTC,-0.2
2022,7,1,23:01,UTC,-0.2
2022,7,1,23:02,UTC,-0.2
2022,7,1,23:03,UTC,-0.1
2022,7,1,23:04,UTC,0
2022,7,1,23:05,UTC,-0.1
2022,7,1,23:06,UTC,-0.2
2022,7,1,23:07,UTC,0
2022,7,1,23:08,UTC,-0.1
2022,7,1,23:09,UTC,-0.3
2022,7,1,23:10,UTC,-0.3
2022,7,1,23:11,UTC,-0.5
2022,7,1,23:12,UTC,-0.5
2022,7,1,23:13,UTC,-0.5
2022,7,1,23:14,UTC,-0.3
2022,7,1,23:15,UTC,-0.3
2022,7,1,23:16,UTC,-0.3
2022,7,1,23:17,UTC,-0.3
2022,7,1,23:18,UTC,-0.1
2022,7,1,23:19,UTC,-0.2
2022,7,1,23:20,UTC,-0.2
2022,7,1,23:21,UTC,-0.1
2022,7,1,23:22,UTC,0
2022,7,1,23:23,UTC,0
2022,7,1,23:24,UTC,0
2022,7,1,23:25,UTC,0.1
2022,7,1,23:26,UTC,0.1
2022,7,1,23:27,UTC,-0.1
2022,7,1,23:28,UTC,-0.1
2022,7,1,23:29,UTC,0
2022,7,1,23:30,UTC,0
2022,7,1,23:31,UTC,0
2022,7,1,23:32,UTC,-0.1
2022,7,1,23:33,UTC,0
2022,7,1,23:34,UTC,-0.1
2022,7,1,23:35,UTC,-0.1
2022,7,1,23:36,UTC,0
2022,7,1,23:37,UTC,0
2022,7,1,23:38,UTC,0
2022,7,1,23:39,UTC,-0.1
2022,7,1,23:40,UTC,-0.1
2022,7,1,23:41,UTC,0.3
2022,7,1,23:42,UTC,0.6
2022,7,1,23:43,UTC,0.5
2022,7,1,23:44,UTC,0.5
2022,7,1,23:45,UTC,0.4
2022,7,1,23:46,UTC,0.6
2022,7,1,23:47,UTC,0.6
2022,7,1,23:48,UTC,0.3
2022,7,1,23:49,UTC,0.1
2022,7,1,23:50,UTC,0
2022,7,1,23:51,UTC,-0.1
2022,7,1,23:52,UTC,-0.1
2022,7,1,23:53,UTC,-0.2
2022,7,1,23:54,UTC,-0.2
2022,7,1,23:55,UTC,-0.3
2022,7,1,23:56,UTC,-0.4
2022,7,1,23:57,UTC,-0.5
2022,7,1,23:58,UTC,-0.6
2022,7,1,23:59,UTC,-0.8
2022,7,2,00:00,UTC,-1
